{
  "version": 1,
  "author": "Kalani Ganganee",
  "editor": "wokwi",
  "parts": [
    { "type": "wokwi-breadboard", "id": "bb1", "top": 208.2, "left": -256.4, "attrs": {} },
    { "type": "wokwi-breadboard-half", "id": "bb2", "top": 208.2, "left": -582.8, "attrs": {} },
    { "type": "wokwi-esp32-devkit-v1", "id": "esp", "top": -54.34, "left": -72.42, "attrs": {} },
    { "type": "board-ssd1306", "id": "oled1", "top": 358.34, "left": 278.63, "attrs": {} },
    {
      "type": "wokwi-buzzer",
      "id": "bz2",
      "top": 204,
      "left": 184.2,
      "attrs": { "volume": "0.1" }
    },
    {
      "type": "wokwi-resistor",
      "id": "r1",
      "top": 291.95,
      "left": 220.8,
      "attrs": { "value": "100" }
    },
    { "type": "wokwi-led", "id": "led1", "top": 246, "left": 71, "attrs": { "color": "red" } },
    {
      "type": "wokwi-resistor",
      "id": "r2",
      "top": 291.95,
      "left": 96,
      "attrs": { "value": "220" }
    },
    {
      "type": "wokwi-pushbutton",
      "id": "btn1",
      "top": 272.5,
      "left": -64.5,
      "rotate": 270,
      "attrs": { "color": "Red", "label": "CANCEL" }
    },
    {
      "type": "wokwi-resistor",
      "id": "r3",
      "top": 349.55,
      "left": -105.6,
      "attrs": { "value": "1000" }
    },
    {
      "type": "wokwi-pushbutton",
      "id": "btn2",
      "top": 271.8,
      "left": -521.4,
      "rotate": 90,
      "attrs": { "color": "green", "label": "UP" }
    },
    {
      "type": "wokwi-pushbutton",
      "id": "btn3",
      "top": 272.3,
      "left": -434.5,
      "rotate": 90,
      "attrs": { "color": "Blue", "label": "OK/MENU" }
    },
    {
      "type": "wokwi-pushbutton",
      "id": "btn4",
      "top": 271.8,
      "left": -348.6,
      "rotate": 90,
      "attrs": { "color": "Yellow", "label": "DOWN" }
    },
    {
      "type": "wokwi-resistor",
      "id": "r4",
      "top": 349.55,
      "left": -547.2,
      "attrs": { "value": "1000" }
    },
    {
      "type": "wokwi-resistor",
      "id": "r5",
      "top": 349.55,
      "left": -460.8,
      "attrs": { "value": "1000" }
    },
    {
      "type": "wokwi-resistor",
      "id": "r6",
      "top": 349.55,
      "left": -374.4,
      "attrs": { "value": "1000" }
    },
    {
      "type": "wokwi-dht22",
      "id": "dht1",
      "top": -159.39,
      "left": -264.17,
      "attrs": { "temperature": "42.1", "humidity": "87.5" }
    }
  ],
  "connections": [
    [ "esp:TX0", "$serialMonitor:RX", "", [] ],
    [ "esp:RX0", "$serialMonitor:TX", "", [] ],
    [ "bb1:58b.f", "bb1:tn.47", "black", [ "v-93.03", "h1.64" ] ],
    [ "bb1:59b.f", "bb1:tp.48", "red", [ "v-105.67", "h-0.94" ] ],
    [ "bb1:60b.f", "esp:D22", "green", [ "v-355.37", "h-321.95" ] ],
    [ "bb1:61b.f", "esp:D21", "blue", [ "v-328.6", "h-330.65" ] ],
    [ "bb1:54t.d", "esp:D5", "violet", [ "v-260.85", "h-259.3" ] ],
    [ "bb1:47t.e", "bb1:tn.35", "black", [ "v-3.77", "h-40.29", "v-2" ] ],
    [ "bb1:41t.d", "esp:D15", "orange", [ "v-203.31", "h-123.9" ] ],
    [ "bb1:34t.e", "bb1:tn.24", "black", [ "v-3.16", "h-33.62" ] ],
    [ "bb1:20t.b", "esp:D34", "limegreen", [ "v-106.2", "h-68.01", "v-163.8" ] ],
    [ "bb1:22t.b", "bb1:tn.17", "black", [ "v0" ] ],
    [ "bb1:14b.j", "bb1:bp.10", "red", [ "v0" ] ],
    [ "bb1:tp.5", "bb1:bp.5", "red", [ "v0" ] ],
    [ "bb1:tn.4", "bb1:bn.4", "black", [ "v0" ] ],
    [ "bb1:tp.1", "bb2:tp.25", "red", [ "v0" ] ],
    [ "bb1:tn.1", "bb2:tn.25", "black", [ "v0" ] ],
    [ "bb1:bp.1", "bb2:bp.25", "red", [ "v0" ] ],
    [ "bb1:bn.1", "bb2:bn.25", "black", [ "v0" ] ],
    [ "bb2:2b.j", "bb2:bp.1", "red", [ "v0" ] ],
    [ "bb2:11b.j", "bb2:bp.9", "red", [ "v0" ] ],
    [ "bb2:20b.j", "bb2:bp.16", "red", [ "v0" ] ],
    [ "bb2:10t.b", "bb2:tn.8", "black", [ "v0" ] ],
    [ "bb2:19t.b", "bb2:tn.15", "black", [ "v0" ] ],
    [ "bb2:28t.b", "bb2:tn.23", "black", [ "v0" ] ],
    [ "bb2:8t.a", "esp:D33", "purple", [ "v0" ] ],
    [ "bb2:17t.a", "esp:D32", "#8f4814", [ "v0" ] ],
    [ "bb2:26t.a", "esp:D35", "blue", [ "v0" ] ],
    [ "dht1:VCC", "bb2:tp.24", "red", [ "v228.13", "h-41.69" ] ],
    [ "dht1:SDA", "esp:D12", "green", [ "v0" ] ],
    [ "dht1:GND", "bb1:tn.2", "black", [ "v192.84", "h20.16" ] ],
    [ "bb1:tn.23", "esp:GND.1", "black", [ "v0" ] ],
    [ "bb1:tp.22", "esp:3V3", "red", [ "v0" ] ],
    [ "bz2:1", "bb1:47t.d", "", [ "$bb" ] ],
    [ "bz2:2", "bb1:48t.d", "", [ "$bb" ] ],
    [ "r1:1", "bb1:48t.e", "", [ "$bb" ] ],
    [ "r1:2", "bb1:54t.e", "", [ "$bb" ] ],
    [ "led1:A", "bb1:35t.d", "", [ "$bb" ] ],
    [ "led1:C", "bb1:34t.d", "", [ "$bb" ] ],
    [ "r2:1", "bb1:35t.e", "", [ "$bb" ] ],
    [ "r2:2", "bb1:41t.e", "", [ "$bb" ] ],
    [ "btn1:1.l", "bb1:20b.g", "", [ "$bb" ] ],
    [ "btn1:2.l", "bb1:22b.g", "", [ "$bb" ] ],
    [ "btn1:1.r", "bb1:20t.b", "", [ "$bb" ] ],
    [ "btn1:2.r", "bb1:22t.b", "", [ "$bb" ] ],
    [ "r3:1", "bb1:14b.i", "", [ "$bb" ] ],
    [ "r3:2", "bb1:20b.i", "", [ "$bb" ] ],
    [ "btn2:1.l", "bb2:10t.b", "", [ "$bb" ] ],
    [ "btn2:2.l", "bb2:8t.b", "", [ "$bb" ] ],
    [ "btn2:1.r", "bb2:10b.g", "", [ "$bb" ] ],
    [ "btn2:2.r", "bb2:8b.g", "", [ "$bb" ] ],
    [ "btn4:1.l", "bb2:28t.b", "", [ "$bb" ] ],
    [ "btn4:2.l", "bb2:26t.b", "", [ "$bb" ] ],
    [ "btn4:1.r", "bb2:28b.g", "", [ "$bb" ] ],
    [ "btn4:2.r", "bb2:26b.g", "", [ "$bb" ] ],
    [ "r4:1", "bb2:2b.i", "", [ "$bb" ] ],
    [ "r4:2", "bb2:8b.i", "", [ "$bb" ] ],
    [ "r5:1", "bb2:11b.i", "", [ "$bb" ] ],
    [ "r5:2", "bb2:17b.i", "", [ "$bb" ] ],
    [ "r6:1", "bb2:20b.i", "", [ "$bb" ] ],
    [ "r6:2", "bb2:26b.i", "", [ "$bb" ] ],
    [ "oled1:GND", "bb1:58b.j", "", [ "$bb" ] ],
    [ "oled1:VCC", "bb1:59b.j", "", [ "$bb" ] ],
    [ "oled1:SCL", "bb1:60b.j", "", [ "$bb" ] ],
    [ "oled1:SDA", "bb1:61b.j", "", [ "$bb" ] ],
    [ "btn3:1.l", "bb2:19t.b", "", [ "$bb" ] ],
    [ "btn3:2.l", "bb2:17t.b", "", [ "$bb" ] ],
    [ "btn3:1.r", "bb2:19b.g", "", [ "$bb" ] ],
    [ "btn3:2.r", "bb2:17b.g", "", [ "$bb" ] ]
  ],
  "dependencies": {}
}